<?xml version="1.0" encoding="UTF-8"?>

<library>
    <book>
        <title>test</title>
        <author>John Doe</author>
        <year>2008</year>
    </book>
    <book>
        <title>The Great Gatsby</title>
        <author>F. Scott Fitzgerald</author>
        <year>1925</year>
    </book>
    <book>
        <title>To Kill a Mockingbird</title>
        <author>Harper Lee</author>
        <year>1960</year>
    </book>
    <book>
        <title>Pride and Prejudice</title>
        <author>Jane Austen</author>
        <year>1813</year>
    </book>
</library>
